{
    "folders": [
        {
            "path": "Assets/Scenes",
            "color": {
                "r": 0.9900000095367432,
                "g": 0.6000000238418579,
                "b": 0.30000001192092898,
                "a": 1.0
            },
            "markerIndex": 0
        }
    ]
}